image,target
aadawlxbmapqrblgxyzarhjasgiobu.png,0.37461048
abpxvdfyhaaohzcrngcucmhffwizxs.jpg,1.2662521e-09
aclkjfvackiieiznzfcwienplielrj.jpg,1.0
aelkivmayxgsdjosiibfgmkvfrjvjk.jpg,1.0
aelzzshpfxerelefnkatpczktuxjln.jpg,8.883866e-08
ajnjnkvstqesvfohaptobyasrkmcnq.jpg,3.0764613e-07
akkydnvilgvzigllmboonbqbbioocs.jpg,1.0
akvjfjhgayyjwrqrczjbeyoqhhajis.jpg,2.2769607e-05
alcveyvosnywyjbmngolmnblftdoje.jpg,8.02179e-12
alfuzzlrjkdrrzauiswqnuvpvzfluc.jpg,1.0
aljnaycepveqbedxhsklixyjodpcho.jpg,8.111022e-12
amvorhijzrsihdqvyddkamjdyuahqm.jpg,2.4338762e-09
autvannlbggmjsuhqbnnffyhrnyyhp.jpg,1.0
aveecvuafgubjfweqsfyomjgyazdxs.jpg,1.0
ayqcgikqwwnikkwdufxnxhfixdpelp.jpg,0.9999998
bakmhsflobtjjwilhsiqynhmnrjjnq.jpg,1.7407385e-07
bbolakporoaeojpqandvajgrojnkaj.jpg,0.99999326
bcqfficwazmpxairlfnchvusputshk.jpg,1.0
bctvvfysokpohqxzngbuuaugtgtkov.jpg,3.700463e-10
bfjrheksmajsxlorqmwtpwjonzkyiv.jpg,1.0
bhczfsgehqldydadvfldnunftxzfdv.jpg,0.001248654
bihlsygajgvqsywzkpfbmupevnuoqh.jpg,5.704289e-10
bivegebpyjsmiaylkruufjevjxqydc.jpg,1.0
bjlwcuatbrxhdxocieancqgdlgqnma.jpg,1.9081101e-09
bkhjxlxizjiychukanlstfpcodlubc.jpg,8.14415e-09
blgzlxqgcpxulfwfywadwbbeptqcol.jpg,0.99538285
blmgakpsirdrdnimkjwdnbusgactzx.jpg,1.0
bophtvssbpnmzkxfxuvupbriwazlcz.jpg,4.7498283e-10
botfdlboeryhmfxctjvzbqriqyonuv.jpg,1.0
bqjjodotjhmmchkiityjpmglknkzdq.jpg,1.0
bqudlucapxfguiydzopfdvuasiwscs.jpg,3.218525e-10
broomszdrrefxhmthsxwurzfuutkft.jpeg,2.6072876e-06
bucfsqoezlveinjzzyyfiianjzrklf.jpg,1.0
bvrbztwngoiduyhlrnxnybuqamwdjq.jpg,0.8630539
bynakhmyescxfghpzliqaaewgtlhas.jpg,0.9982232
bzdueelveubapkgmqbhzrerdmvbqtz.jpg,1.8488494e-08
ccliaukfdmqskirlsqaemkdtziyhos.jpg,3.8030032e-10
cdugozukojbkpzksazbxqxnpxnoxts.jpg,1.0
cdxocpqismtjtcoiqncmocnyhqipeq.jpg,1.8908126e-09
cemwpmilmtzyyvpoxxflruiyubdzvc.jpg,1.0
cetwookalphtxhtbwgcpzfjpmasfic.png,0.91341054
cgnarbagkiqkuvnbgidtpbpzlxxzzc.jpg,1.0
cjbutauggylhztvnyutbozyfqaealv.jpg,1.5954335e-09
clcluoyktakfjgcjyjgbbrhaxjkanl.jpg,5.5788776e-11
clibkrbidguqcugbkymxqioqwolsvv.jpg,1.0
csaamuupuegbgkdvhihaucddwkvgcg.jpg,5.3645968e-09
csrqrzoyceubuehyicuwjisnsvyfuk.jpg,0.99667245
cxnmwtwjlhvwljnwzdyucnlrkwmzva.jpg,0.9999999
cxtbkqwdjxgxlieyzzfokybmrynvzt.jpg,0.9999993
cynaerknbrqzwlssknbvxqoffjfmqa.jpg,4.0268033e-10
cytfwnqddgfmwopldwoyzfgvdshchj.jpg,1.06792006e-10
czfaqpiyukmerduehjkdrhkhtqxbia.jpg,1.0
dbuvujopjxofqfcsxghgeruyrhqamf.jpg,0.99999976
ddmvffnxrrqoftjquegcfyynvbpioe.jpg,0.751488
dfbqqsvocxgkdljrvnnztyvaexmxgp.jpg,0.99999994
dgzjgjduiwcejpltzhhsdrsfrfwbhm.jpg,2.3137758e-08
dhcyrecupnqhsmwidgcgghdvkmlsfi.jpg,1.3972349e-09
dhxbbarhojjiuoacxyzdtayykriavi.jpg,1.0
dihlagwlolbphxxdxmfbsmaeqqqcgs.jpeg,3.084351e-10
djdsobvkfuoagxivxpraiusgzjozds.jpg,1.0
dlaaovaxfeqezvculovoovlyakhlgd.jpg,9.652689e-09
dnzsxkpbmmtytvrlklmnbprbcwysix.jpg,5.7156404e-07
dobrsakjzqfkkwbuvhfpxgjynstyjd.jpg,4.709404e-08
dpnnhtmzinfjwzxeihghlsaugrseso.jpg,1.0
dshtrcyfhcxdnmqcpqaachrxbmraqm.png,0.96249425
dthpinelztapoyhclbpyyxijcqcsyv.jpg,0.9999998
duythftfcibydcrmobngveppsbczuq.jpg,1.0
dveocsyrdwmmokqvzmherympxsnhjg.jpg,1.0
dxkxrtwzulytuhegnxjznhxxsqdvjt.jpg,0.99999785
dyintomnapqkperdaokbxbsyrgiadi.jpg,1.0
dyjtodxzlakemnjmxwcvxezykwmvoo.jpg,1.06500835e-08
egmlopponygomfuzzhzoextlxzgkmo.jpg,7.2302464e-07
ejmhvjdcgulaxvqqwyuwabbwqjievn.jpg,0.99998814
ejwoiledjlwunsjpnuquukzkjhalov.jpg,6.156481e-10
elajrsvrogkgcerlrfjvwgzqdzjumg.jpg,2.2946008e-11
eoeatxoppisxmubbwmpnabjbezizgx.jpg,0.99999964
eofsqiwaevaeqkxjdayeeyzhliteho.jpg,1.5765518e-09
eowgxpfwjhfpfvoytzlejmtyxegcfx.jpg,7.306316e-05
epicmexrbnzcoykteovumnjlpeeejh.jpg,0.9999998
eqhyxymtcmsvgesckcrjowyebhnohw.jpg,5.502409e-07
eqycjhiuvqojearvldxihxvmrajwtc.jpg,7.4470013e-10
ethbvskgnyzyuirqytshhzvyzbqjxv.jpg,0.9999919
eusetdoazbgklyqcezwcacrokjcufo.jpg,1.0
ewrlffkoseneqgraxwhomtlwxiwekb.jpg,1.9828375e-11
eyavyurhmycfumwdjnvvxenleadrcl.jpg,1.9127125e-11
ezmnotqwlrngiwgnwbaheeoueyxvny.jpg,7.91553e-09
fefhbwjojkixcapyhinlmsqvjyhjmk.jpg,3.0659573e-09
fhggkjdcfrlbgjgdohqetzvtzvzwox.jpg,0.008983931
fhhipzleexntfxjqfztvtikwqlylfz.jpg,1.6477497e-09
fmkdsmhmklnzkownqsschpnomjedlx.jpg,1.0
fnefuqqsicuqfsymibosjdjwawrmvq.jpg,1.0
fnkfsdjmdihrmynpqxmnrwzxessrdc.jpg,1.0
frpsiqoutwcdsluictnefqjbnhaojr.jpg,3.7946738e-06
ftcupseqywfpqtfftqilalhmaanpcv.jpg,8.048502e-08
fuldxhllmyyhygdvrczspchtlwifqm.jpg,4.0019295e-06
fvitugrhbmzimhnlanfwqhnmtovgob.jpg,0.9999951
fvlynglrxqdpvnhnaojggecbomqvbr.jpg,3.0671226e-11
fvmrktruwpyzblmwwnubraikddamol.jpg,3.7366008e-10
fvvzssylplidrbhtvshkkfflzatqsd.jpg,1.0
fvyderokisqwuoqwuaoadkkvtfoeya.jpg,9.012134e-09
fwjhmiqtdoufzyyzkjzxrhzdwkcedo.jpg,9.156882e-13
fxrmuuyabdjwnsveyuijcliwmywezh.jpg,1.0
gadijdxgeinztdiaolvtceypzbvlam.jpg,6.002431e-08
gbdwbyuafezgszupikmwrdivflidna.jpg,1.2973918e-07
gbfvanqxwaqvwzxuqegqaompgvsamm.jpg,2.3527652e-10
gdkceqpjaozdsbfuaapadetsdgsoyz.jpg,1.0
gdwbhsehebmpgcfbndlibiccryfxid.jpg,1.0
geadhikvjfcvvrtszjsxqnevbdvstr.jpg,1.0
geaxljqcgthkjujpgjqtinitobfjqe.jpg,1.0
geszfskhujvpyziumhlqpgptmpajtt.jpg,2.1416273e-08
gexghbuikqpefswrouipqfgvkzdkzv.jpg,3.3905599e-06
gftflwiwqrswxrpccfpkhdftoajcws.jpg,2.8612313e-09
ggqkntfyrhgeizstqrxlhhpwvjykbl.jpg,0.9923595
gjppsnmwvegpfaotczwscojavigasa.jpg,9.9183794e-08
gkxlqxmuohjzxzweewniylzaxuqiit.jpg,2.3203597e-09
glnkqsehtsemwxgfcabdouxnguoope.jpg,6.2443115e-07
glpbrbtkrussrnfolvxynzjdfkvbin.jpg,1.0
gmocqhzokvhyrkohiraxixdbmcscjq.jpg,1.9217145e-10
goxowiqsuthbriuqxiespbmeegqkvf.jpg,0.99999654
gppgpyeceknjakxhnvcgivtzqkexdt.jpg,0.8908546
gqbziiohphcmauvpfwlcpyxqqapghh.jpg,2.6649893e-10
gqyjkyvhkkgfldgfvrkwvogjnganlj.jpg,3.2721953e-05
greuliaymizfmfvngfqmrbzayusphp.jpg,6.591741e-07
griokgoxjwgbtlffxnqnoefynizroa.jpg,4.279658e-09
gsphpflowsxvbzmqoehtwimxigmexc.jpg,2.4710233e-05
gtydqhzuwwcebasjexbrajitsqhnfh.jpg,6.6674465e-11
gvykagbusbpbuzcvkftzaatczcevwk.png,1.0
gvzjodvhueivloxnomfhmpmcdbzvap.jpeg,8.1740765e-08
gzmiyxrvuprhvkmnckztiadtirmwrj.jpg,3.6179643e-11
haghwzucuaiwbeuerzxnrnflkytyqu.jpg,2.7817035e-10
hddqpruzeyfpuemmkrvajzewjauqbg.jpg,1.76556e-08
hdftlvovpcycpipsqjnfxbzuvmlnlm.jpg,1.0
hdmcngrvtgikfstjgrgqfotraeffgg.jpg,3.6456907e-11
hepwugnfdvxafszdjsdmscpcvejipp.jpg,2.8494973e-10
hhirnwzcfyhnrwbfjmhioqyosjouxm.jpg,2.4270612e-09
hirjzqktwfoauvblgqocpnrhksqdih.jpg,1.0
hkftgcijkghprpxyuknyfimzjlzpde.jpg,1.0
hnmbjysdtuiasvlabvnataindypuzu.jpg,8.946681e-08
hqxkkaletsjpqenfgprderxwvvdtwx.jpg,3.89794e-11
hsyezwcpciffcupbkadwtcqpxhlofh.jpg,1.0481822e-09
iczzwmswptqjkzgbczxmgewfkfbfbn.jpg,6.3927615e-08
idardcfquyazdghrsrbiyujmguzxnr.jpg,1.4848702e-08
idnwoyvjflsoiwvbcleokhdfgdwqng.jpg,0.0004556232
ifhrlfbitalzvqnfwqnuudutpbfpdq.jpg,1.0813772e-05
igulitrigxyyzhhiduazzrwydlqrcv.jpg,5.208601e-09
ijmzxmoihywxoariplmfexcmexsibs.jpg,0.99999857
iluwkwmnrgiouhirnkfdmhnczfxivc.jpg,1.6783499e-06
ilyczntkhdwwqxgayvmewwrvonzokc.jpg,1.0
imkumwldsvcwkjbhwglebnqtgjuaqy.jpg,1.0
imzjoogcbcvsgkbekgsxdfhxdlodgb.jpg,7.105501e-11
inilzqtajpxhdbqrrrmvnhrzmevhkv.jpg,1.0
ioafahyushqhdpfinjvuormfkchmjf.jpg,1.3936578e-07
ioedeamftahwmovcpgigwnypdhykwz.jpg,4.485063e-06
iosikwfhnhmqdvuymkrdeatakkdryd.jpg,0.99999976
iqpspkpytnrfnnxpbdgulrpmdssxvv.jpg,1.513333e-08
itsfoylidpuiehheyisjrssydwpkjs.jpg,4.1770318e-06
itxiomwebnkfodztausaduxyrhgfrv.jpg,1.0
iurkzngzsfejzqwpvcogoamriplacq.jpg,0.9999998
iuzfasnekvmbbmtqetpnmrxcyopfie.jpg,5.6202553e-06
ivhqllncotctfxttkqqvwamkdeokih.jpg,0.999994
iwgumsxpuxzcolrrnfwkqidfknzjic.jpg,1.3061896e-08
iwrrnosiwxykcwfnzdnephwjeynjvr.jpg,1.0
ixbtflbbatnitjiveitztqwnjfvidt.jpg,7.860841e-06
ixnarcfjcjzduyghjrmbpsezuhxdeb.png,0.9785143
iyyhdzhpafxpjyvrqstdlsvnhqntqw.jpg,0.99999946
jaypieocqkwftzmbzsgrkttchyhpaa.jpg,0.99999994
jbmhymhbpiobylwbugudyfpnkmisbc.jpg,0.99999976
jcqewjmnixvdytkvwuvgywcblhvotx.jpg,0.9999562
jdiamrvlvhyxhouxlkjrdcfoqbtzlf.jpg,1.0
jdmorbhddqxvqofbotgldacezkmyjt.jpg,2.1247439e-07
jdtkbagujtkdseprtglztarncdxzqt.jpg,1.0
jelzmmcmozeaeiswvdkwcltfccanwg.jpg,1.0
jgvemmdihzkjgodvehrlpacstjwnbv.jpg,1.2771562e-06
jgwawiynmntnlhhwckjlqtijvnkjff.jpg,0.9999992
jhhjxctcsxlujwhoprnevvfprddnjs.jpg,7.340356e-09
jhvehfryklsushrvqiyjrxtybsyxjs.jpg,2.4225994e-08
jhwecyoxnwdqysddxcjogbvlhjxrfm.jpg,3.2105818e-11
jiorwmlthejgwwbnshbuevjaunqbku.jpg,7.261631e-08
jiuvimokosuqcqgxsjrpepfrxnudvl.jpg,1.2314515e-05
jjqgfnkunxqxwlrjxgakwcukfoavym.jpg,1.0
jkutvlbzwibdltuythhqtweqazglok.jpg,0.0006469932
jnsjofyggzkakdsxxmptabbiksbuty.jpg,1.0
jnzcxqykfzbkbbgyscanfvxeqyruzh.jpg,2.06158e-07
jqgkxlfpzrktkyilfyuhhdyfsycanf.jpg,1.5971423e-07
jqueszoqlgzwqzksmzanznuieydnyy.jpg,0.9999925
jsrbntbtdheogzmdzhatavcmmarvgl.jpg,0.9999819
jvcaprbropasegknsisprgwgitcrpi.jpg,0.9999999
jvpejwtddpkhiqhcikzoaojczgdwfz.jpg,1.0
jwdjkvvfvggphwhqatmbkjjlzdienf.jpg,2.788265e-09
jxtfudtgjrjafphvpcpyzvbjzkedlt.jpg,1.0
kajnfbinymxwelbpykfzurocazkajm.jpg,4.0299497e-08
kcnlgwxftlpioadzfmayiitkbnkpfq.jpg,1.0
kduwskepxdwxdgfzkgnfnformtkgzg.jpg,1.0
kebxzepgnybcvtvjqohjaclvvsqjgo.jpg,0.9999999
kfkptevnxrhoofzewofglxzxgvkdcg.jpg,0.99999994
khvoycguuitlcpjxdflbkdgyzaoexh.jpg,7.218768e-09
kigglxwgyxssmujauixjszahnjctrd.jpg,7.0924216e-10
kjdbifjcnzclwxadgtmgafbcylljhm.jpg,4.913986e-11
kkgjefxvtjfypjsjgyhshrutwhgdml.jpg,1.0
klkerkiflmmwcuzjqqkvhbrazosuzb.jpg,1.0
kmxjicdqvpfpvrhqukkpumdscvgnob.jpg,3.3671572e-09
krnwchletlzkiqqzgvdfhwgcweukol.jpg,1.202418e-11
ktfusajinfwbuflriajdptixqssvun.jpg,1.0
ktmunasppplitpubmrdjbiqyuaibnd.jpg,1.3818804e-08
kugkqjdlyxywogtbietnbvcmpjllwx.jpg,5.695431e-10
kujdzaccxtihhcwwvsnuublztrnzie.jpg,3.9908954e-07
kvyzgviirzidxoawqeshlagmfmaqha.jpg,1.7645124e-07
kwufgmdpyknfvezeytoywortrtkcha.jpg,0.00013977959
kxcrhxbyxvhqnwqwqoqmaafwikuegm.jpg,1.0
laaqrylcpzmanpcdilwteiuhetchzt.jpg,1.0
lazlpqdyqxvdtgtfuwkcplrmtcoeoq.jpg,1.0
lbvuqszvcwajhzclogpiprfgxiswpr.jpg,1.0
lckpbjorlzqrhcccowfsaltairdvtd.png,1.0
lctzakuojllwuturyhbsoyexhyrhfb.jpg,4.6055124e-08
leibivudzejijilbzmjwyqcgnolcbb.jpg,0.9999928
lhiwujhlwspbbgqydwewaioirumkri.jpg,0.9999994
lhrglduisvdlcgjiofvkkhvdcuaenj.jpg,1.2083638e-06
lihqabxpdhfuuctwreixqcwwmjdvkg.jpg,3.3535392e-09
lkzjcblzskcxgdzssgiasoddrrtouf.jpg,2.6127242e-07
llecnksnwfhbpbcjzzijseaoxblcbo.jpg,1.0
lmdcsyqhjxxvdfzakuhxxmcrwmqkjj.jpg,8.7669383e-10
lmrbtgixyoyrpexyiydyqjsexswuxr.jpg,1.0
lnulwsjdqnzkuyyaffwimadgavuwan.jpg,6.976813e-08
louklilbbrpqodurfzvvejxglgocwi.jpg,1.0
loyubqchniltkypeilmzrmwjnvjeiq.jpg,1.0
lpozqsannlntslamuxvcfpbjttiihl.jpg,3.2148926e-11
lpxbhrpimmbsyeufegmxiuobcblwen.jpg,1.0
lqfnxaohuxlvexjgebyyoyvcpvfzte.jpg,1.1381711e-09
lsdynvygkfyqehlpwbqammadxmsctv.jpg,2.2214206e-11
ltuibmgnhtgsfugypuufvwrqprxtfk.jpg,1.0
lucoklnkqcjyrxyvbgnarqspgcwrku.jpg,7.485214e-07
lwhltrzhopzxcxkmjnepvkfkuocyyf.jpg,1.0
lxxlzvrdieuyvfkeshxuisxgormmyq.png,1.0
lyousdaviagybwamxfwdjpjfevopkf.jpeg,6.788531e-12
lzjxvwtdrrtwjceqgmucfpngihgdxm.jpg,3.8283396e-08
lzvnzvftxmsgfnxqriwbranxlyjumy.jpg,3.9955155e-09
mawbecdfltccgqymuosaxqmntvllvm.jpg,1.914572e-09
mbekjxyxdchvessngkvjexxfyqdrvv.jpg,2.2717664e-05
mdwgptlsdcgkglflwsqseheibugref.jpg,2.1320893e-08
meqeaivcxrtyjjlaaysnjeytrmpqmg.jpg,1.0
mfkvaqtdkxcsozmtzpeavslszhkbvv.jpg,7.9134884e-07
mhkqlunhxjqrrnpjvwfklbzvwtrhch.jpg,2.518478e-10
micftikbkvjlfcuknzwfbjpjdhioxe.jpeg,5.5008007e-09
mlkbwnogazpkcxpcdaluzexzhvbsbr.jpg,2.9614995e-08
mragkclknhcnqosdkuvchpjdrjofso.jpg,0.99999976
mrytehdxapzyymznjhvbvkhutalisi.jpg,0.99846864
mryzptvsvgrisoimspvdugeepobqkk.jpg,2.413291e-12
mthrpqxgvwfdlksknvymngogpppnhp.jpg,5.519529e-08
mtjmylupexliggdaqvuamtttjbizro.jpg,4.2615628e-07
mtkmqoxjnmplockjwdilejfsrxcbvy.jpg,2.8103738e-11
mtqtvazpnlsfwlreocalqffwosonni.jpg,1.0
myruvkfrzwvlkxajpvfhdulbdsqucc.jpg,9.750843e-13
mzaawjyklcynlmsxhziexrqskewnsl.jpg,3.7652662e-10
mzvlhczvlelzrkrgyelzjcjtcssgpq.jpg,1.0
mzwwwdleaormcvlqonydhzypbhqehq.jpg,1.0
naxcngaxukhslcyoodkgkegydlzjnu.jpg,1.0
nbpkndryqyojnydlzlnfibqdhnsjzo.jpg,0.9992573
nfxhlppokdjomdwvjweudtpurlmwnx.jpg,1.0
nhbvrxtecdhhvyyzdjumuhxwfgsnqf.jpg,3.769922e-09
nkexoipjsbhmytzjsnvxpkqhdtqidv.jpg,0.9999843
nlhevzkzseaudpnhbawmmufkxnqyni.jpg,1.0
nlmpasjsptsygvnkicmsroqwepliof.jpg,0.999964
nmorsdnxcjanqzfyfjrxbvumnyihft.jpg,1.0
nncgaofbnlhkcvnvhajmgrxpomzzba.jpg,0.00010093789
nnlxnagizcelrbzdeqpxyonlfardpk.jpg,0.912691
noesixortoazgbkeukqoveyibvaxrc.jpg,1.0
nqhxoimohubxlnbgxulnralrtxyfwo.jpg,1.1769838e-08
nrlywwygzrswfdbhjvdtakksrsvjgk.jpg,7.0170647e-09
nrxwgfqqltfxrotfkykgknzommtzdd.jpg,1.0
nujqgvjxtkvnopkfyzciaziyjndntp.jpg,0.9999997
nwikmsqexytmdgyumqrfomreztdxxz.jpg,1.0
nxigjkucblcrgqfmwcwritnrmcjsgz.jpg,1.5244501e-10
nxkricypqzyjopipbggbupjyjlyhtj.jpg,0.9999994
nyqzmqlebpyheacmxpeacxszlgxagk.jpg,8.159584e-06
nzhtmzjahmnlycpchimibdygcdkcnz.jpg,0.9999988
nzpfwndzpzskokcaqmsxlqjgdyrmhe.jpg,2.503904e-06
ogclzsfhvbloezgkivpedxaldtahzl.jpg,1.0
ohiszivnnrkglfcpkvgqobmozjgrwa.jpg,1.318781e-09
olvntotfzczjpihgsmsrdshaphevzh.jpg,1.0
omdjxmhixkgnqsvczwkplpjivyvdbo.jpg,0.99999624
omgrzbdrlptmmwpudagcrctzvznrap.png,1.0
oojheezdsmrbzaxtpeapauytvovivl.jpg,5.5976015e-09
opdeeeogjakgkmhchcmfcfggxpcszz.jpg,1.0
ornhixchukzqnrcisoodqytmeeqplp.jpg,8.172962e-11
orsoixyrasfxlkqzngwfasbadeydlh.jpg,1.0
orzwzwgaccsbeglnbxsitvpxcivdcm.jpg,0.9999788
osirultbdzsgmknbqrucggtqnfoljs.jpg,1.0
ovasoplwfuqqevywvgggocgxixnktp.jpg,9.818965e-05
ovyapwxepknnprboziljwxeskjuiim.jpg,7.7429974e-10
owffonqaueruqlyakqnwwekvjaougd.jpg,2.5486315e-06
oxtgwjovwkjybnyejaezfzqerhvpqj.jpg,0.99999875
padarkkzjbruayvwslkssxmumkrjsz.jpg,0.9999995
pbndybjpdykkiinslkpnepifijnsvd.jpg,1.0
pcoalfrhngfbattlzqaljgpzrmdiby.jpg,0.9999246
pdcxycqzkznkqntnqsmobdhagkfazw.jpg,5.3787017e-11
pdpxzumgibtauzdnqjxumygocmkunl.jpg,1.0
pdsjckkmbslkzreqwygyjkeyehtuwy.jpg,1.7038929e-10
pektafvzybcgssvemzxjypfzsriqxx.jpg,0.99999976
pfruckaftscryoyslnzsaqjlrntcdh.jpg,8.9529316e-08
phbrlkorxtxgllwntzlgujplyffcdm.jpg,0.9999956
phpzhjjsvyqxouxeeaethnilycqdoz.jpg,4.9239468e-08
piswtqhtpepgcmilxfeiegdqpofqig.jpg,1.0
pixwzsjkuqmcdyobcgumwetegmnyfu.jpg,5.1475034e-08
pjtremwjwtxaqyzmyuhqrkszorrons.jpg,3.3272132e-10
plcaliiefkehjeqojgsaiztfbluwbx.jpg,1.0
plhsciipiahwdvplstefomscgwxnje.jpg,0.9999751
plvzvjasjncvrchqwqdwhuzotiofek.png,1.0
plyaiuqsdfyiowewiorerysaomwoum.jpg,1.0
pmlzympeefriiyldejvguoilrtbczx.jpg,1.0
pneabcoxhrbfqowczgsexzharlezae.jpg,1.3318956e-08
pomnzkamhxjwtrgalmkbcevrqlijft.jpg,1.1056426e-08
powtvfvfexvzhhubxcczdvqmuwgtil.jpg,1.0
ppgimbjhcwxshiqofuziffffgvnnbt.jpg,1.0
puffqlvmnlfcwcplpgbrgkuhgkejnl.jpg,3.8950773e-08
pwynnfibfpdkeeuzxjljusaieterpf.jpg,0.999945
pxktxhdsuefrpwxtugwuvttfgmqvyz.jpg,0.9999984
pydsgdgzcvormzgjxmsqxgizigmnqq.jpg,7.949419e-12
qaifzcezpnxsemsninrdanxnrecgxc.jpg,0.9999999
qasruetvxhqscyidfqsbztqteakyss.jpg,1.0
qcjrbqnfsvdmyjwegjlhzzzwzfdbgz.jpg,1.0
qcwfppwrwajqvcjtzgadczsmjjglpa.jpg,7.150017e-08
qddqjbxtpsdrvjjdkzkycjbbrgpekf.jpg,1.12639334e-07
qgseasopsvkydhuvnlfmzqbgjydsys.jpg,0.99620616
qipkjvcthoccixqxbsdcqgjtzmqvcq.jpg,0.99999994
qiqrvyhllvochhswibdzbsxcuyfcif.jpg,1.448029e-08
qjkcqczswvymlnybfyqxppcwciayzz.jpg,7.9979724e-11
qlbqjvzglvxhtbjyjrfunwrurqrxox.jpg,1.0
qlbtwvbhuhkdoyzgfkmcfqwqjujjwh.jpg,3.7467154e-10
qnpphzfhyjxoutunxsukftvlauzuug.jpg,2.3125578e-10
qqakhuzdxoctiscdztnrzrffzgdvux.jpg,0.9999999
qsgsfxhekupbygbbjmhmgmheylbals.jpg,1.0
qskzbotijtjaphichunoesuwbybguk.png,1.0
qstbmncsmqsiwmnzgipyutolniuxjd.jpg,0.9999994
qsxfaihdktxryqxchmdrhweaubkomf.jpg,0.99446994
qubxzzlnsdvcesxfodgkfhnckwewmm.jpg,1.0
qvnxjxzghixyyysszioajgjiexgwzh.jpg,1.0
qwqvucqqtmtobwedwslipeohnrkuwr.jpg,4.190099e-09
qwylrrncmfibtlszybqsofemgweggl.jpg,0.9999997
qwztxkkzraedpivehqtrdcfdcrrsse.png,0.99998736
raoltfuznhttwcfpscjepcqakdkmey.jpg,1.0
rbztrgnugpkdoaxagndgdjbijoqele.jpg,0.77425325
rccyeivmdwnblrlijjuyvzyxslwuhh.jpg,4.7476995e-08
rdwfgwuicmbzlnqhtyhfemjzmpyrjm.jpg,0.99999577
rfbvqxxqlifrbwhfyopkxalfmvyhfy.jpg,1.0
rjcsevtxucgtrcxvvsblkrakusacxq.jpg,3.9349113e-10
rjidoxfzbxyeffhrkzguqdqksvwtpa.jpg,1.0
rjsayiylvpblfpjzyxwnejcevzncpm.jpg,1.0
rkpymadccynfoyvmiftgekkfbbbhdi.png,1.0
rqxlpeljjhhifqnlrywertwvzywynb.jpg,1.0
rrrncyqvyxkyshtdtxrtzcmltgpugh.jpg,1.0
rtnaqoagadatjgbczdaehqawjeuxiq.jpg,0.9999995
rwlnkupbstmcbxurjkntrubebavmjd.jpg,1.0
rwrhwxbhdpdvlaxkattftklqiorcpo.jpg,0.9999995
saqwjlvhyizasymcqwuumkayyalabr.jpg,8.4175e-08
saxrcfliklfijsofesenfhbpipucza.jpg,1.3615812e-11
sbjiktnxorfqchvhvtresgziklndbw.jpg,0.90156066
sceudskpqcmpiutrvrjvwzrlyhusve.jpg,0.2947657
sdfklgwygtjlxmwtbggmobikmuuzaw.jpg,1.0
sfpwptgynidjmylpqeukgkhzqcitgm.jpg,0.9999999
shtuvrpsdcmoaooaeitmnpuckoaraa.jpg,0.9997459
sipovcjjclpnpgtcypjziplmmnzblp.jpg,1.0
siqobtmqebviudcxtjszqquivmzvil.jpg,0.9999997
smanxydzpnqbtgyhnkbkqslunnvvyg.jpg,2.7211424e-06
smoiczjaouyiefhoizeyarkxzwutbe.png,1.0
smudegzshenddkbjyxihvwjdrensex.jpeg,1.0416651e-08
smwljmgvodmaektpwpvsjbgbemexkz.jpg,1.0
snqqviwsotitwwrblhtiabhvphphqw.jpg,0.9999882
snylansyoagwhxkcenskjanfkgpigr.jpg,1.0
sseuokumxzgersmrlhofzkzgrkozkq.png,0.99002963
ssidykbqfofxaqtorcftxaxtusuyvc.jpg,1.0
sslssipaijavmhtvbrixtbgwwnlshu.jpg,9.360441e-11
suvnfydgvqcgdaxlsazlxgubymvfhj.jpg,1.0
svegbhuohnflowxkhjvkrifgmxextf.jpg,6.569803e-07
syjhwwdrvsqvhmkdfyfmggthjmkvzd.jpg,1.1989615e-10
szycncebucycdqljwiolfshxndzpcm.jpg,1.0183817e-10
tbjzvqedthirsztsnsjkfrdgroofmt.jpg,8.143026e-09
tewzkpvegeenvrdteiupwxlvyjyffy.jpg,2.9861177e-08
thxqsrejgecdethcqecanudtfofcrh.jpg,0.9999625
tihnjhjilrcolmyupysvxjvqbqhvzr.jpg,1.0583285e-08
tkekamvpuqgwyxgekdpmbvarytgffk.jpg,0.99999106
tkudaszaqtrzmyypabwhwanaqqdgsn.jpg,0.9999989
tldspzpkenscsjyokedqawzuqdbjfh.jpg,1.0937231e-06
tlqprwlybfxysvhrnfgnplgbqgsswu.jpg,9.113664e-12
tmthqtrdrzwgadmsftvwpwlssemeic.jpg,5.9818985e-09
tnptubiwafwpnymkaaudzcjibkzfgp.jpg,9.612634e-09
tnvtseaxgaeuxslabsyczpucoervej.jpg,0.00010759605
tosutnsfkotuhlqcxkyartdjribecy.jpg,0.99433357
tqpfjhcqdnetwghsusmzymjepbdnds.jpg,1.7801504e-07
tqtohrbvnjhvqqpkcpqxihkomlzddz.jpg,7.028243e-06
trvmaugxfpnagutconbyismxjoizzi.jpg,0.9999998
twuombcbchukiltgyoxxovvpqidulj.jpg,1.4947542e-05
txjtghyvfckkbeihbmqcamrwmhfwfr.jpg,0.9999999
tzwrmkyyhlxjrbedtztknvlrgdmnfq.jpg,0.9999984
uapjecavqzibecgdvrlwiabgymtvdt.jpg,0.9999937
ueexuzrrjzajyeojqfmglknvpzgzad.jpg,7.887745e-08
uemcqcfhactlnpdguyeqawxiarukdn.jpg,1.0
uemcyhtssgjcecjovuzrmvkxqwmldt.jpg,8.855919e-09
ufhysrqbbzlrqymeekhvxkoqeyxbyo.jpg,1.8285184e-10
ufjcnzoabfdevufathmxztkvmlfgmd.jpg,1.0
ujdigrxiqfjtzrjgfwpvtjsxtviztq.jpg,8.027047e-09
umgwufightqsnhtjyfochvdnrcsccb.jpg,1.0
unkvelhemzsndcplwwcplvzhztcllz.jpg,0.008820477
unwndegdcmlinkjsprkshhnpomqvwd.jpg,4.1778305e-09
uoqujcamsyjwlwoztrnvutbgrhdtkx.jpg,2.4772555e-06
uqpvmjbjlwceqgltplhvdxyinayphz.jpg,1.0
urdgcrihebtothfemyxubtwpinualu.jpg,1.0
urfpnxaaxslypipkziqixilgvtitse.jpg,9.301232e-12
usdqhnysmqfjitrxqnfxkureaphlsa.jpg,1.8009918e-07
utjaezxnmbadaiqjqgkmdmfdzqozqr.jpg,9.949144e-11
utqrcmliuqbblbxeacpcofcsxvhzgz.jpeg,0.033156082
uuapkpltdjmnmxgttzdtgoewvtdmkf.jpg,1.6090596e-06
uvxtmvpwvucdhkyfjuqzrnxxgecptf.jpg,1.0
uxxhcjkukexpxutwqbvdjpgurqmwli.jpg,1.0
uyoqejdoxyisbuqsbwjwaecqutvtwg.jpg,1.0
uzfesehhvhqxuziizqgipuqbvjkarm.jpg,1.0
vdntoytydbayclzrqpfguwpzhplhvj.jpg,0.9609439
versewmzeguanbftslpjlyrupgqobt.jpg,4.0520082e-10
vhwotvbcqepkhmhuhqvbdvahsixptb.jpg,2.3140678e-09
vivqwqshafxumvxojbcouebhpjitvw.jpg,1.0
vlpwwjhopipwypxltcstohkkjgudbv.jpg,0.00019182899
vluqtgdfiywtuveucboijzbanifapn.jpg,1.0
vlxbaplwagipvtfkcjbzapysqmffld.jpg,1.0
volxwqaiygijoxnemgujucdvaxcmla.jpg,0.9999993
vvbpnstpnzspemzfccnfftwnsyfosx.jpg,2.629555e-07
vwnowxqsikzzgaupttmtfffkbprphp.jpg,3.3192954e-08
vwqrhobzdutxipuwgssuzjbhxumbod.jpg,0.99890995
vzqbztrjuoyuzfygogzutjfvnppmpi.jpg,0.9999986
vzygdcxwtgrkwsimilpsbttbchwjey.jpg,0.9999997
wbbujdiznmyiiqjwpjymtypyswyumo.jpg,8.419912e-09
wbctqgrcgqwhbywsikdklrtbmrplim.jpg,0.99999946
wbfrwkddjwawzxnikfrpffjxtowjhv.jpg,6.11148e-09
wcjujbvemumhadmwcgkgwahqmrhoif.jpg,2.0288837e-09
wcnsyehazqxgakcdbtyehtkwoiwppj.jpg,0.9999736
wcydlpgrwjmptowavcltpotjbgvxhb.jpg,9.122938e-12
wdlioyaloeejrcvmjpixqoczoesuns.jpg,1.8765393e-06
weipwizxckxeagywuilohlxktcrypk.jpg,0.9999931
weubnhdcwsklnxmbaoetvbzfistxwg.jpg,1.0
wflunumlnfgrpwisuymmudqnjobspo.jpg,1.0
wgkzydvcyrnzspiukwtrbmwptujyoo.jpg,1.0
wiovvusmzmxindaealykgesxwwleql.jpg,1.0
wischoicbrogjyfnhdycphsaneiuwm.jpg,3.1168722e-07
wkvfouqvychfqwsmjnhkraowobkxgy.jpg,8.2380755e-11
wleebloflbfqkneclgoekidfidccim.jpg,3.8962025e-09
wljliaaphisemiemsxielexjlkirlv.jpg,0.0021762163
wnwkpbivybsvhesdkadymsqmqopfuy.jpg,0.84586346
woazdfgnjkbxcskuamebaxedxhpszi.jpg,9.7894645e-06
woobvdyoeohahdgjtajoywfsxmtijg.jpg,7.010615e-09
wooltgxaythwvbtdoruodwvmvbrpfg.jpg,4.1894324e-08
woulzzpagnqwxegofpdnsxbytvjdki.jpg,1.3950844e-09
wpiddqgustjsgnzcdoykwhecjmfsbo.jpg,1.0
wpsmdmlakitjsnypxeecpajkecrgqw.jpg,7.722217e-07
wpujnxoeirxcyjiiezydfkaxksrdwg.jpg,1.0
wqzkxqasodsnxcugavcqsuqmdwqfoa.png,1.0
wrtiyoywiyiawtrnbizxykeqjoesmb.jpg,1.0
wtcbodbqepiirrtgpzclqipkojxodr.jpg,3.899054e-08
wwgnzvefvkhqgcvgzvucdwslmhqdfl.jpg,4.1302798e-08
wwibybtbnrvydizirztvgsbuulpouw.jpg,1.1661918e-08
wzdhiyzvbjlpatadxltwukvizlkpfi.jpg,8.097016e-09
xaufwjptvdpofxbuefzpcbjdgurmov.jpg,1.0
xbuuveyzfnrozevdlhayiqncadyiof.jpg,1.0
xemgrytlfzpwpxlpoyklejnqclztru.jpg,1.0
xfnuyuiibfvnhcxneinujhzmxyffdn.jpg,0.9999999
xgfrghdwyumnzdvxsuzlehyruvkita.png,0.48612264
xjngjjhzpyhxmstueplojbqreasnes.jpg,1.0
xkdueyinwrnlyioamfbqqymynyyjow.jpg,1.1360972e-09
xklxzfuxkxgykpuhuzzaldbdjhcydx.jpg,6.06823e-09
xkoqrazzrpistsmscyvjarmiuwljsd.jpg,0.9999997
xnyhtjljydambkxbueqmgixbainqrw.jpg,1.0
xpivtvyweotwypnjfaenuhouijtwrj.jpg,8.797336e-10
xqhpwicnsoejqslgrlwvntqhqdrjjt.jpg,1.8592603e-07
xurcoxcuznkvnyjhrqrtjfnrqqtlby.jpg,1.4956021e-09
xxirvsjxpsdmicscgrmpcczbnrtoek.jpg,2.4432603e-09
xxpzhbftdvltokjuzrdiuksfeynqlu.jpg,1.0
xykoojgoemrcfmvdobwvlurbpoikpq.jpg,1.393167e-11
xynfggwypiqaesxayyvjlqfmhsvnlo.jpg,4.048552e-09
xzcvpmdsnwcmeooidiemxzofsvqrvo.png,0.9989832
ycdmtgjjzxhgzblmjrujqpemeqksch.jpeg,1.0
yegdjxoapgowmbnvlrdryvaecnynya.jpg,1.0
yionojckwcmjxtjevsvpmjezycmilb.jpg,9.745135e-11
yjncarmoymzspzoiuivzecdjjxnitj.jpg,1.0
yklgcnlafkcgjozrkuzbebbsggluus.png,1.574297e-05
ykmaworjsfbglvakdrsbqhupjiqkhn.jpg,1.1555344e-10
ykngxpgtimmeszcxyntqujxyslvkrz.jpg,0.999999
yknhljrexjerzopcvabkfobfaznbce.jpg,1.3431942e-09
ylqsaoehrinbdgkmyqobrytabqvqad.jpg,2.8008773e-10
yncgdbcfbdpippiqjexosicvuxetik.jpg,1.0
yoljgngorsosxyvpmflodycbrzlojm.jpg,2.7437702e-05
yqhsjijloqxbrfjzbqnasiqfqyvgjq.jpg,2.5569117e-12
ytxadvbbcvbohxmbtvnyepjzdskwli.jpg,1.9170711e-08
yurmkbqrwlidqgbgeeszgsuzzizhtv.jpg,2.5930342e-07
yyvvnujfgpfcpcgwdyjfthnlycslkk.jpg,3.2781188e-07
zdfiplzlfcwkyfucjdtkskjxjdeavq.jpg,2.0529859e-07
zesbxhcglwjpplcmsfntcpummkbhfz.jpg,0.9717733
zgigmyufwdfgxuspzppusdfstysjfs.jpg,5.8615024e-09
zhkdanqqseexvicplcyekiwjqqlhhz.jpg,7.01066e-10
ziseknqemrbhawedjdyxevolrwumkq.jpg,7.125211e-08
zjcrlegcioljqhlaowlaklxwojfpil.jpg,1.0
zjlngjlzjwonpqhiiztranntupvtom.jpg,0.0020088505
zkmcdlytdocncvgmigqhklfvjqwrni.jpg,4.039812e-09
zkpcokomrmpbncplmxcklnvgaabmoq.jpg,1.0
zndfvhigsuchffrepbzdwrlhgncmtd.jpg,1.0
zneawovpezfvxphxdlzgpjhllyxuss.jpg,1.0
zodcoeblnsvtuoftjlpquidfhnbtwc.jpg,5.88957e-10
zojvaryviuzftjfkmeazlzekvpdxri.jpg,2.4791845e-08
zpfhbgixcctxylnihhrepjgcmjksvf.jpg,8.247534e-10
zuignwckjykxefmpubjpjefvhghaoi.jpg,1.9749024e-08
zuxvwdblfwjpibjexgfglpyreqslhs.jpg,1.6607044e-07
zvyajojutzgqumdjfxxkpiuuxeefyy.jpg,0.9999999
zynasgxnxnzqaallnvkthegctommtu.jpg,7.6254664e-06
